{"cameraMode":{"drawMode":0,"name":"Shaded","section":"Shading Mode"},"sceneLighting":true,"audioPlay":false,"sceneViewState":{"m_AlwaysRefresh":false,"showFog":false,"showSkybox":false,"showFlares":false,"showImageEffects":false,"showParticleSystems":false,"showVisualEffectGraphs":true,"m_FxEnabled":true},"in2DMode":false,"pivot":{"x":3.1223011016845705,"y":0.17632927000522614,"z":1.5250555276870728},"rotation":{"x":0.08449302613735199,"y":0.3947170674800873,"z":-0.03657406568527222,"w":0.9141596555709839},"size":8.654202461242676,"orthographic":false}